<CMS_MODULE>

  <FS_INDEX name="st_video" height="1" useLanguages="yes" viewMode="details">
    <LANGINFOS>
      <LANGINFO lang="*" label="Youtube Video"/>
    </LANGINFOS>
    <SOURCE name="YouTube-DAP-Integration/YoutubeVideoDataAccessPlugin"/>
  </FS_INDEX>

  <CMS_GROUP>

    <FS_BUTTON name="st_dropVideo" alwaysEnabled="no" hFill="yes" onDrop="class:DropYoutubeVideo" useLanguages="no">
      <DROPTYPES>
        <MIME classname="com.espirit.ps.custom.youtube.YoutubeVideo"/>
      </DROPTYPES>
      <LANGINFOS>
        <LANGINFO lang="*" label="Video hier fallen lassen"/>
        <LANGINFO lang="EN" label="Drop Video here"/>
      </LANGINFOS>
      <PARAMS>
        <PARAM name="title">#field.st_title</PARAM>
        <PARAM name="description">#field.st_description</PARAM>
      </PARAMS>
    </FS_BUTTON>

    <CMS_INPUT_TEXT name="st_title" hFill="yes" singleLine="no" useLanguages="yes">
      <LANGINFOS>
        <LANGINFO lang="*" label="Titel"/>
        <LANGINFO lang="EN" label="Title"/>
      </LANGINFOS>
    </CMS_INPUT_TEXT>

    <CMS_INPUT_TEXTAREA name="st_description" hFill="yes" useLanguages="yes">
      <LANGINFOS>
        <LANGINFO lang="*" label="Beschreibung"/>
        <LANGINFO lang="EN" label="Description"/>
      </LANGINFOS>
    </CMS_INPUT_TEXTAREA>

  </CMS_GROUP>

</CMS_MODULE>